Indicator,Time (s)
RSI - Pandas,0.04036521911621094
MFI - Pandas,0.0505223274230957
Stochastic - Pandas,0.05541086196899414
MACD - Pandas,0.02288675308227539
RSI - Polars,0.027666091918945312
MFI - Polars,0.0434422492980957
Stochastic - Polars,0.03130793571472168
MACD - Polars,0.024914026260375977
