Indicator,Time (s)
RSI - Pandas,0.05649089813232422
MFI - Pandas,0.0559999942779541
Stochastic - Pandas,0.060561180114746094
MACD - Pandas,0.026999235153198242
RSI - Polars,0.08315682411193848
MFI - Polars,0.06779098510742188
Stochastic - Polars,0.04099917411804199
MACD - Polars,0.029098987579345703
