Indicator,Time (s)
RSI - Pandas,0.042847394943237305
MFI - Pandas,0.04438185691833496
Stochastic - Pandas,0.0464932918548584
MACD - Pandas,0.020999670028686523
RSI - Polars,0.027019500732421875
MFI - Polars,0.036014556884765625
Stochastic - Polars,0.021099567413330078
MACD - Polars,0.018997669219970703
