Indicator,Time (s)
RSI - Pandas,0.04104328155517578
MFI - Pandas,0.057022809982299805
Stochastic - Pandas,0.05312013626098633
MACD - Pandas,0.023757219314575195
RSI - Polars,0.045764923095703125
MFI - Polars,0.04147529602050781
Stochastic - Polars,0.024585485458374023
MACD - Polars,0.020003557205200195
