Company,R² Linear Regression,R² Random Forest
AAPL,0.9970678532135822,0.9962390866609299
